feature,importance
BMI,0.573399133478118
Afternoon_PEFR_std,0.5246944600219966
Smoke_amount,0.524490679658565
Morning_PEFR_std,0.47446421662947724
Age,0.447092142626982
Sex_1.0,0.38383838383838387
Weight,0.3831183407390229
PEFR_range,0.36549578333844696
BSA,0.29906092777875526
Height,0.254873492019335
Smoke_1.0,0.21212121212121213
Afternoon_PEFR_mean,0.16898858316031215
Morning_PEFR_mean,0.14847221562630275
Smoke_2.0,0.030303030303030304
