feature,importance
BSA,0.8614775462629707
Weight,0.8482994265918214
Height,0.8118030957679638
Smoke_amount,0.8060593603173738
Age,0.7800704742519085
BMI,0.7736602440358807
Afternoon_PEFR_mean,0.7604893722940259
Morning_PEFR_mean,0.7550315660075841
Morning_PEFR_std,0.7206055981404708
Afternoon_PEFR_std,0.6996206867884096
PEFR_range,0.662485834894514
Sex_1.0,0.6105263157894737
Smoke_1.0,0.22105263157894736
Smoke_2.0,0.031578947368421054
